{"cameraMode":{"drawMode":0,"name":"Shaded","section":"Shading Mode"},"sceneLighting":false,"audioPlay":false,"sceneViewState":{"showFog":true,"showMaterialUpdate":true,"showSkybox":false,"showFlares":true,"showImageEffects":true,"showParticleSystems":true},"in2DMode":false,"pivot":{"x":219.16561889648438,"y":26.91805648803711,"z":215.08555603027345},"rotation":{"x":0.11400067806243897,"y":0.3030494153499603,"z":-0.036541834473609927,"w":0.9454256892204285},"size":5.790456771850586,"orthographic":false}