{"cameraMode":{"drawMode":0,"name":"Shaded","section":"Shading Mode"},"sceneLighting":false,"audioPlay":false,"sceneViewState":{"showFog":true,"showMaterialUpdate":true,"showSkybox":false,"showFlares":true,"showImageEffects":true,"showParticleSystems":true},"in2DMode":false,"pivot":{"x":219.55062866210938,"y":27.03842544555664,"z":87.68583679199219},"rotation":{"x":0.03569231182336807,"y":-0.500954270362854,"z":-0.03454454243183136,"w":-0.8640472292900086},"size":3.1000595092773439,"orthographic":false}