{"cameraMode":{"drawMode":0,"name":"Shaded","section":"Shading Mode"},"sceneLighting":false,"audioPlay":false,"sceneViewState":{"showFog":true,"showMaterialUpdate":true,"showSkybox":false,"showFlares":true,"showImageEffects":true,"showParticleSystems":true},"in2DMode":false,"pivot":{"x":219.47145080566407,"y":27.992000579833986,"z":89.302001953125},"rotation":{"x":0.03569231182336807,"y":-0.500954270362854,"z":-0.03454454243183136,"w":-0.8640472292900086},"size":0.30999067425727847,"orthographic":false}