{"cameraMode":{"drawMode":0,"name":"Shaded","section":"Shading Mode"},"sceneLighting":false,"audioPlay":false,"sceneViewState":{"showFog":true,"showMaterialUpdate":true,"showSkybox":false,"showFlares":true,"showImageEffects":true,"showParticleSystems":true},"in2DMode":false,"pivot":{"x":0.6649999618530273,"y":-0.3135102689266205,"z":1.2816635370254517},"rotation":{"x":0.11400067806243897,"y":0.3030494153499603,"z":-0.036541834473609927,"w":0.9454256892204285},"size":2.447136640548706,"orthographic":false}