{"cameraMode":{"drawMode":0,"name":"Shaded","section":"Shading Mode"},"sceneLighting":false,"audioPlay":false,"sceneViewState":{"showFog":true,"showMaterialUpdate":false,"showSkybox":false,"showFlares":true,"showImageEffects":true,"showParticleSystems":true},"in2DMode":false,"pivot":{"x":0.21105420589447022,"y":0.807631254196167,"z":0.35184717178344729},"rotation":{"x":0.1084090992808342,"y":0.46879827976226809,"z":-0.05810235068202019,"w":0.8746998310089111},"size":7.0620598793029789,"orthographic":false}