{"cameraMode":{"drawMode":0,"name":"Shaded","section":"Shading Mode"},"sceneLighting":false,"audioPlay":false,"sceneViewState":{"showFog":true,"showMaterialUpdate":true,"showSkybox":false,"showFlares":true,"showImageEffects":true,"showParticleSystems":true},"in2DMode":false,"pivot":{"x":176.4744415283203,"y":26.301525115966798,"z":234.7705078125},"rotation":{"x":0.03569231182336807,"y":-0.500954270362854,"z":-0.03454454243183136,"w":-0.8640472292900086},"size":6.343191623687744,"orthographic":false}