{"cameraMode":{"drawMode":0,"name":"Shaded","section":"Shading Mode"},"sceneLighting":false,"audioPlay":false,"sceneViewState":{"showFog":true,"showMaterialUpdate":false,"showSkybox":false,"showFlares":true,"showImageEffects":true,"showParticleSystems":true},"in2DMode":false,"pivot":{"x":-0.0005000047385692596,"y":0.054999977350234988,"z":0.033000003546476367},"rotation":{"x":-0.2624695301055908,"y":0.44061070680618288,"z":-0.13644713163375855,"w":-0.8475577235221863},"size":0.7526177763938904,"orthographic":false}