{"cameraMode":{"drawMode":0,"name":"Shaded","section":"Shading Mode"},"sceneLighting":false,"audioPlay":false,"sceneViewState":{"showFog":true,"showMaterialUpdate":false,"showSkybox":false,"showFlares":true,"showImageEffects":true,"showParticleSystems":true},"in2DMode":false,"pivot":{"x":219.55062866210938,"y":27.03842544555664,"z":87.68583679199219},"rotation":{"x":-0.07806631177663803,"y":0.7051169872283936,"z":-0.07859606295824051,"w":-0.7003844976425171},"size":1.2635748386383057,"orthographic":false}