{"cameraMode":{"drawMode":0,"name":"Shaded","section":"Shading Mode"},"sceneLighting":false,"audioPlay":false,"sceneViewState":{"showFog":true,"showMaterialUpdate":false,"showSkybox":false,"showFlares":true,"showImageEffects":true,"showParticleSystems":true},"in2DMode":false,"pivot":{"x":247.74000549316407,"y":26.33300018310547,"z":149.3300018310547},"rotation":{"x":-0.1577066034078598,"y":0.7056862115859985,"z":-0.16598190367221833,"w":-0.6705115437507629},"size":6.343191623687744,"orthographic":false}