{"cameraMode":{"drawMode":0,"name":"Shaded","section":"Shading Mode"},"sceneLighting":false,"audioPlay":false,"sceneViewState":{"showFog":true,"showMaterialUpdate":false,"showSkybox":false,"showFlares":true,"showImageEffects":true,"showParticleSystems":true},"in2DMode":false,"pivot":{"x":-3.725290298461914e-8,"y":0.16834795475006104,"z":0.32270365953445437},"rotation":{"x":0.3370683193206787,"y":0.38265299797058108,"z":-0.15234820544719697,"w":0.8466119170188904},"size":1.8919264078140259,"orthographic":false}