{"cameraMode":{"drawMode":0,"name":"Shaded","section":"Shading Mode"},"sceneLighting":false,"audioPlay":false,"sceneViewState":{"showFog":true,"showMaterialUpdate":false,"showSkybox":false,"showFlares":true,"showImageEffects":true,"showParticleSystems":true},"in2DMode":false,"pivot":{"x":176.4744415283203,"y":26.306278228759767,"z":234.78396606445313},"rotation":{"x":-0.06675633788108826,"y":0.9318127036094666,"z":-0.27756354212760928,"w":-0.22411437332630158},"size":5.98362398147583,"orthographic":false}