{"cameraMode":{"drawMode":0,"name":"Shaded","section":"Shading Mode"},"sceneLighting":false,"audioPlay":false,"sceneViewState":{"showFog":true,"showMaterialUpdate":false,"showSkybox":false,"showFlares":true,"showImageEffects":true,"showParticleSystems":true},"in2DMode":false,"pivot":{"x":0.21105420589447022,"y":0.807631254196167,"z":0.35184717178344729},"rotation":{"x":0.07299377024173737,"y":0.8873394131660461,"z":-0.4296181797981262,"w":0.150761216878891},"size":7.0620598793029789,"orthographic":false}