{"cameraMode":{"drawMode":0,"name":"Shaded","section":"Shading Mode"},"sceneLighting":false,"audioPlay":false,"sceneViewState":{"showFog":true,"showMaterialUpdate":false,"showSkybox":false,"showFlares":true,"showImageEffects":true,"showParticleSystems":true},"in2DMode":false,"pivot":{"x":219.40533447265626,"y":28.074344635009767,"z":89.28108215332031},"rotation":{"x":-0.07980991154909134,"y":0.9072015285491943,"z":-0.2004937082529068,"w":-0.3611343502998352},"size":5.9856791496276859,"orthographic":false}